Utility,Losses,FOA,Losses,FOA,Losses,FOA
CHEG,0.006063016,1.0061,0.019657951,1.020052135,0.025720966,1.0264
ConEd,0.059,1.063,0.047,1.049317943,0.059,1.062699256
NGrid,0.020568071,1.021,0.056922704,1.060358472,0.077490775,1.084
NYSEG,0,1,0.067859806,1.0728,0.067859806,1.0728
ORU,0.024827882,1.02546,0.049134724,1.051673697,0.073962607,1.07987
LIPA,0,1,0.062705033,1.0669,0.062705033,1.0669
RGE,0.0468,1.049097776,0.018,1.018329939,0.0648,1.069289991
